<?xml version="1.0" encoding="UTF-8"?>
<project-private xmlns="http://www.netbeans.org/ns/project-private/1">
    <editor-bookmarks xmlns="http://www.netbeans.org/ns/editor-bookmarks/2" lastBookmarkId="0"/>
    <open-files xmlns="http://www.netbeans.org/ns/projectui-open-files/2">
        <group>
            <file>file:/D:/Projects/webdep/application/libraries/Image_mylib.php</file>
            <file>file:/D:/Projects/webdep/application/controllers/backend/Get_news.php</file>
            <file>file:/D:/Projects/webdep/application/helpers/MY_directory_helper.php</file>
            <file>file:/D:/Projects/webdep/application/controllers/backend/News.php</file>
            <file>file:/D:/Projects/webdep/application/views/backend/news/get_news.php</file>
            <file>file:/D:/Projects/webdep/application/views/backend/news/index.php</file>
            <file>file:/D:/Projects/webdep/application/config/routes.php</file>
            <file>file:/D:/Projects/webdep/application/language/vietnamese/backend_lang.php</file>
        </group>
    </open-files>
</project-private>
